Built,n,prop
3.4.0,48,0.38095238095238093
3.4.1,18,0.14285714285714285
3.4.2,21,0.16666666666666666
3.4.3,39,0.30952380952380953
